{
    "train_loss": [
        1.0589190777738302,
        0.8266033165580391,
        0.7869678591260136,
        0.7593655643771384,
        0.7436326207331437,
        0.7344890549879161,
        0.7223316307893751,
        0.7082946057496952,
        0.6943732164121913,
        0.6870757912177943,
        0.6768153351825955,
        0.6726166247371659,
        0.65793701996254,
        0.6465649762777887,
        0.6365697966266229,
        0.6297717220254265,
        0.6242256094765624,
        0.6245594793673791,
        0.6218443104291653,
        0.6213281354565897
    ],
    "val_loss": [
        0.9075571496033247,
        0.790560020507233,
        0.7882365009091638,
        0.7618357305319768,
        0.7629102673073076,
        0.7545475206124586,
        0.7605061291763267,
        0.7466537266850539,
        0.7424832576346493,
        0.7333741627510175,
        0.7254580150734419,
        0.7299824344097444,
        0.7329517553221628,
        0.7318108408604943,
        0.7272864661851248,
        0.7297003811117855,
        0.7229484514057262,
        0.7221032186687367,
        0.7270526650767541,
        0.7272393134646522
    ],
    "train_roc_auc": [
        0.7992418206746554,
        0.8672163938215145,
        0.878639265315483,
        0.8871591157104677,
        0.8926442656511239,
        0.8951545334952768,
        0.8985032243924296,
        0.9028484667566472,
        0.9070204767359654,
        0.9092243456067758,
        0.9119198516237288,
        0.912693033840702,
        0.9171361861559719,
        0.919938275456828,
        0.9228329180373099,
        0.9242889534606016,
        0.925575907590316,
        0.9257040360121203,
        0.9260565655342368,
        0.926280800801478
    ],
    "val_roc_auc": [
        0.8535787644177595,
        0.8792413522702667,
        0.8814514024215399,
        0.8867997401731008,
        0.8873838825395154,
        0.8899228126847025,
        0.8875345119175109,
        0.8932930718678862,
        0.8957105153818695,
        0.8961183967978089,
        0.8990739862947164,
        0.8982548293276688,
        0.8970579870437667,
        0.8978094953857317,
        0.8997171163895765,
        0.8991181100519069,
        0.9010938478374093,
        0.900971658971343,
        0.900180708437937,
        0.9003567353101245
    ],
    "lr": [
        3.342465753424658e-05,
        6.67579908675799e-05,
        0.0001,
        9.91486549841951e-05,
        9.662361147021779e-05,
        9.251085678648072e-05,
        8.695044586103296e-05,
        8.013173181896283e-05,
        7.228691778882693e-05,
        6.368314950360415e-05,
        5.4613417973165106e-05,
        4.5386582026834906e-05,
        3.631685049639586e-05,
        2.771308221117309e-05,
        1.9868268181037185e-05,
        1.3049554138967051e-05,
        7.489143213519301e-06,
        3.376388529782215e-06,
        8.513450158049108e-07,
        0.0
    ]
}