{
    "train_loss": [
        1.0711143933157055,
        1.0594483118558788,
        1.0550061701644122,
        1.0551898594004403,
        1.052026708685112,
        1.0513554733230361,
        1.0517455697201041,
        1.0505907069840135,
        1.0500468541718886,
        1.0497075951396357,
        1.0490841321579407,
        1.0477298204490628,
        1.0481654745451119,
        1.0489806557371004,
        1.047353636563272,
        1.0479722614107325,
        1.046236685303748,
        1.045516439745576,
        1.0450356543511918,
        1.045676155847351,
        1.043387311821919,
        1.0424097221611328,
        1.0428857660519837,
        1.045665374689302,
        1.0448514019938597,
        1.0453505483999135,
        1.0438347103191299,
        1.0451376269154984,
        1.0426856621351577,
        1.0454456022767127,
        1.0425424226521032,
        1.043883028309446,
        1.0436156677747253,
        1.044493383171531,
        1.0433055860999074,
        1.0413756845684663,
        1.0414904954406101,
        1.0420171206249178,
        1.0419421923778047,
        1.0413548047950778,
        1.0410340791542383,
        1.0427694427208167,
        1.0429677664408716,
        1.0419708579460496,
        1.042098123360736,
        1.041868915973609,
        1.0420557143142357,
        1.0417433247918808,
        1.0398183182889456,
        1.0408429568489816
    ],
    "val_loss": [
        1.0551376342773438,
        1.0538917016304261,
        1.0511780881796868,
        1.0504182006540672,
        1.0472816606433366,
        1.0472975610838242,
        1.0495618628437409,
        1.0473176126378287,
        1.0448795351269407,
        1.0462963069885227,
        1.0462264520417752,
        1.045582033773334,
        1.0472400860854316,
        1.0447936168344845,
        1.0428112938310752,
        1.0471556922719147,
        1.044990496279082,
        1.0441600873376975,
        1.0450613095667014,
        1.0418985299368346,
        1.0412166211952942,
        1.0455639812021493,
        1.0440126050833705,
        1.0415652112180227,
        1.0437667955283167,
        1.0457306673942512,
        1.0429067253218003,
        1.0413616946583542,
        1.044605907384187,
        1.0427725972654132,
        1.0515601700735262,
        1.0411061065476985,
        1.0422291002663853,
        1.042118072933998,
        1.0430174196317952,
        1.0416622916998812,
        1.0420248417243414,
        1.0421338467411299,
        1.0436865530404331,
        1.043533934392963,
        1.0424601391116919,
        1.040787959438202,
        1.0406106216203275,
        1.0413489422339985,
        1.0450118932859753,
        1.0420022958962518,
        1.0425050392269664,
        1.0442380741821913,
        1.0405948272379268,
        1.0435810564251558
    ],
    "train_roc_auc": [
        0.6250623771853087,
        0.6414708922944247,
        0.6445925519044059,
        0.64466658283127,
        0.6495792566517897,
        0.6494083063874911,
        0.6493623415711923,
        0.6507938228738754,
        0.6495234534221864,
        0.6511519066523827,
        0.654142141980179,
        0.6533544500984162,
        0.6538876278678446,
        0.6524895783708813,
        0.6539784373626215,
        0.6541044019520728,
        0.6534474607031762,
        0.6550447459026887,
        0.6551302288679695,
        0.6545361876659165,
        0.6573262238159755,
        0.658137798916023,
        0.6571338421035868,
        0.652200708143297,
        0.6540922370986795,
        0.6541994256716569,
        0.6546876490987645,
        0.6541248777581063,
        0.6566149911318767,
        0.6543297141497579,
        0.6583185014291784,
        0.6567021425541909,
        0.6535546336098904,
        0.6554298618183886,
        0.6556456332617704,
        0.658090345804718,
        0.6590899787285045,
        0.6568773697083495,
        0.6565198029165287,
        0.6589120099782817,
        0.6581981061963033,
        0.6564146509577702,
        0.6570547509737013,
        0.6565622114910755,
        0.6568438282387872,
        0.6571432496946528,
        0.6568879679354204,
        0.6572427696317822,
        0.6595336551361352,
        0.6586290224325381
    ],
    "val_roc_auc": [
        0.6411333219214993,
        0.6405082070106701,
        0.6481389200601024,
        0.6456473362877304,
        0.6511281865961669,
        0.6528716612460455,
        0.6486327988791043,
        0.6504536204043592,
        0.6525045805833983,
        0.6507471581363207,
        0.6507078507078508,
        0.65002504263588,
        0.6521628595520221,
        0.6542594670673488,
        0.6571910404422721,
        0.649304195117003,
        0.651748229580742,
        0.6555230106954246,
        0.6499014144334341,
        0.6548490784943988,
        0.6590245417831625,
        0.6491926127394108,
        0.6511155067805314,
        0.6562895055505893,
        0.6546455674534493,
        0.6535024820739107,
        0.6571739226911641,
        0.6564987225085748,
        0.6522072389067463,
        0.6519295509443293,
        0.6422206161122417,
        0.6558742415885273,
        0.6549156475264849,
        0.6558761435608726,
        0.6528837070708992,
        0.6572233739721425,
        0.6540660998789076,
        0.6582751646791056,
        0.6534232332261889,
        0.658195281840602,
        0.6555591481699856,
        0.6584044987985874,
        0.657665265547039,
        0.6583372957757194,
        0.6523860243072066,
        0.6554145982717412,
        0.6539887530035313,
        0.6533877297424096,
        0.6551578320051226,
        0.6534403509772968
    ]
}