{
    "train_loss": [
        0.9697804077371341,
        0.8225742111382548,
        0.7561491064040116,
        0.720310893429228,
        0.6952153776056922,
        0.6745586050474434,
        0.6563937872749099,
        0.6403973038555167,
        0.6210291570812388,
        0.6065788022713873,
        0.5784759272576319,
        0.5619174363358501,
        0.5462697016681134,
        0.532510001294866,
        0.52701980823652,
        0.5086471352944699,
        0.49414515042322354,
        0.48933390403005306,
        0.4837011395518835,
        0.4931807734893454
    ],
    "val_loss": [
        0.881001179419811,
        0.8102273398436933,
        0.762247731997448,
        0.7425381971522101,
        0.7336502219526377,
        0.7225699034641294,
        0.7170525800494179,
        0.7130506351156142,
        0.696639033571643,
        0.7067022430495083,
        0.690832942537006,
        0.7006383603263214,
        0.691734665942015,
        0.7146634259678717,
        0.7137684116085756,
        0.7135431667793009,
        0.7235799902578819,
        0.7222371962940536,
        0.7208499096925431,
        0.7149108190117122
    ],
    "train_roc_auc": [
        0.8252299924386963,
        0.8737930701981551,
        0.8899546427597921,
        0.8994268803794834,
        0.9065161599405536,
        0.9122758978598631,
        0.9170976812962022,
        0.9213174459354838,
        0.9265905059071609,
        0.9297605235153164,
        0.9362238227166764,
        0.9402707708698721,
        0.9435744788883944,
        0.9464255231647769,
        0.9473445753099017,
        0.9510857035893684,
        0.9540189694818136,
        0.9552474924605047,
        0.9562536938329508,
        0.9543009962582321
    ],
    "val_roc_auc": [
        0.8660048103088077,
        0.881301475278407,
        0.88601019410942,
        0.8903015513538503,
        0.8945168331548486,
        0.8980983479924861,
        0.9003980501278652,
        0.9026608849329658,
        0.9076769485554443,
        0.9070477461186894,
        0.9105904039606045,
        0.908516938490078,
        0.9120738751075297,
        0.9098010919752111,
        0.9094586354406231,
        0.9097888028651183,
        0.9093786977054477,
        0.9102490007783103,
        0.910707091986915,
        0.9109323923386177
    ],
    "lr": [
        0.0001671232876712329,
        0.00033378995433789953,
        0.0005,
        0.0004957432749209755,
        0.00048311805735108893,
        0.0004625542839324036,
        0.00043475222930516476,
        0.0004006586590948141,
        0.0003614345889441346,
        0.0003184157475180208,
        0.0002730670898658255,
        0.00022693291013417452,
        0.0001815842524819793,
        0.00013856541105586545,
        9.934134090518593e-05,
        6.524777069483526e-05,
        3.7445716067596506e-05,
        1.6881942648911074e-05,
        4.256725079024554e-06,
        0.0
    ]
}