{
    "train_loss": [
        1.132775690961893,
        1.1184345933466195,
        1.1072837883608762,
        1.0984900174003291,
        1.0916632509552098,
        1.0864665732170669,
        1.0824134197335038,
        1.0792614436988635,
        1.0768144861800533,
        1.0748871740685852,
        1.073399552199717,
        1.0722457516942867,
        1.071381426885129,
        1.0706151460366269,
        1.0700102753675045,
        1.0694682029171299,
        1.0690216339827054,
        1.0686343820635251,
        1.0683190563348217,
        1.0680492756724027,
        1.0677915687097208,
        1.0675699581219398,
        1.0673250548685902,
        1.0671448944207942,
        1.067010285308494,
        1.0668364079067385,
        1.066691814179758,
        1.0665994956588594,
        1.0665014307222709,
        1.0663905798941085,
        1.0662720025222072,
        1.0661997861568049,
        1.0660969955546906,
        1.0660447317321766,
        1.0659827824966293,
        1.0659361517254946,
        1.065865033344112,
        1.0658269468009967,
        1.0657871892773714,
        1.0657556150307435,
        1.065715357902824,
        1.0656637370987059,
        1.065657204792593,
        1.0656278202683618,
        1.0656055080508846,
        1.0655930211959785,
        1.0655844533052214,
        1.0655483881821035,
        1.065556479518524,
        1.065504781221297
    ],
    "val_loss": [
        1.1224390128329131,
        1.1088752789005265,
        1.0983833286685876,
        1.0901570701938508,
        1.0836548843417728,
        1.0788636759082617,
        1.0750447887118602,
        1.071940050006337,
        1.0694975785089134,
        1.0676323958138978,
        1.0662109249427225,
        1.0651775375804018,
        1.0643939066187766,
        1.0636255775057972,
        1.0630494523727172,
        1.0626207375865815,
        1.0622158778095585,
        1.0618332176870298,
        1.0615814069411933,
        1.0613110746353123,
        1.0611420604682054,
        1.0610282936554363,
        1.0608403886340267,
        1.0607315541586417,
        1.0606027391881705,
        1.0604799818313844,
        1.0603081800335243,
        1.0602454320391725,
        1.0602579104094318,
        1.0602242269974163,
        1.0602226938217136,
        1.0601745962672386,
        1.0601493601697196,
        1.0601935482109992,
        1.060129566548982,
        1.0600920665306552,
        1.060117469563603,
        1.0601240674371821,
        1.0600938483065134,
        1.0601018832671685,
        1.0600307844711792,
        1.0600218331686542,
        1.0599328911601436,
        1.0599296517219408,
        1.059866387648939,
        1.0597906167821103,
        1.059835497382697,
        1.0597906672657598,
        1.0598791663757,
        1.0599073239492776
    ],
    "train_roc_auc": [
        0.4555855797749545,
        0.5209687450058891,
        0.5696336261049827,
        0.5979009776547232,
        0.6112376832034363,
        0.6188998175522652,
        0.6243743775695707,
        0.626976857216314,
        0.6289321321967543,
        0.6305222344145787,
        0.6318846353295762,
        0.6333666324980243,
        0.6342894772326192,
        0.6351558607545553,
        0.6355560789480028,
        0.6361683556804484,
        0.6367616919006562,
        0.6368600916999652,
        0.6372977757619126,
        0.637837878019686,
        0.6377817066328968,
        0.6382219051300918,
        0.6383679852015225,
        0.6384359846170455,
        0.6385736832376514,
        0.6386206663610596,
        0.6387297505518872,
        0.6387963713362467,
        0.638774383735812,
        0.6388762379461617,
        0.6388775382460092,
        0.6391205376548741,
        0.6391100804241723,
        0.6389728361251998,
        0.6390082810457438,
        0.6390231483295432,
        0.6390585070856394,
        0.6388891547801898,
        0.6388671045147022,
        0.6389867634332058,
        0.6389060978438663,
        0.6389326991588204,
        0.6389055495246535,
        0.6389168135679114,
        0.638811622443495,
        0.6389511461837665,
        0.6388050974448622,
        0.6387770704999548,
        0.6389900846810093,
        0.6386480744885698
    ],
    "val_roc_auc": [
        0.507434809897864,
        0.5627441656998307,
        0.6028428146654747,
        0.6214453721842884,
        0.6308043441048368,
        0.6360601276857434,
        0.6389359098718705,
        0.64090128129537,
        0.6423429763331241,
        0.6436680170670318,
        0.6436832328457944,
        0.6448548478105128,
        0.6457132713290349,
        0.64574370288656,
        0.6461443850606412,
        0.6459377040657829,
        0.646338386239864,
        0.6465184396218879,
        0.6467137087826742,
        0.6461989082678739,
        0.6464322168755665,
        0.6464512365990198,
        0.6463079546823389,
        0.6459098084713848,
        0.6460594302958835,
        0.6459858873651977,
        0.6459858873651978,
        0.6458895207663681,
        0.6459212203054567,
        0.6460239268121042,
        0.6458438734300803,
        0.645769062517831,
        0.6454292434588,
        0.6451312677913663,
        0.6454381193297449,
        0.6455408258363924,
        0.6443958384845084,
        0.6443476551850936,
        0.6446671865391077,
        0.6443070797750601,
        0.6446063234240574,
        0.6446126633318752,
        0.6446164672765659,
        0.6446063234240574,
        0.6445251726039903,
        0.6452200265008147,
        0.6451769151276541,
        0.6451629673304551,
        0.644383158668873,
        0.6440205159416982
    ]
}