{"_step":20,"val/loss":0.7272393134646522,"_wandb":{"runtime":4786},"_timestamp":1.7815519308995771e+09,"epoch":20,"val/roc_auc":0.9003567353101245,"train/loss":0.6213281354565897,"_runtime":4786.291907938,"lr":0,"train/roc_auc":0.926280800801478}