{
    "train_loss": [
        1.0099138154706933,
        0.9226438649484208,
        0.8897111803115765,
        0.8512241933511563,
        0.8291163469849038,
        0.8285187150045731,
        0.8152342726622235,
        0.8092316706193953,
        0.803666536541334,
        0.8084805406789948,
        0.7981743649039574,
        0.7925080111286907,
        0.783419839830676,
        0.7876814055023027,
        0.7792620307650637,
        0.7821414320786447,
        0.7719626653849637,
        0.7643030889465392,
        0.7684290304678507,
        0.7579498216787505,
        0.7543170964054484,
        0.74720744310326
    ],
    "val_loss": [
        0.9489652210477418,
        0.8732753200302255,
        0.8671244423366288,
        0.8207221070675765,
        0.8024678329683453,
        0.822401995593517,
        0.797139069068643,
        0.7983332219156519,
        0.8171150744948504,
        1.0070859267329026,
        0.7868580680312871,
        0.7591999059469614,
        0.8010938853825385,
        0.7699097763940581,
        0.765187884146387,
        0.7988459845395309,
        0.7604076269352389,
        0.7600730668470426,
        0.7575993837117468,
        0.7609471568443107,
        0.741830555457241,
        0.7493411743048598
    ],
    "train_roc_auc": [
        0.782963830664766,
        0.8232743993659091,
        0.8397582566562012,
        0.8549434014623496,
        0.8623972821402115,
        0.8640112327636198,
        0.8670294999502738,
        0.8687872199495984,
        0.8712126260099042,
        0.8701088911011547,
        0.8736325648434026,
        0.8747460628451851,
        0.8780513107422256,
        0.877033193079092,
        0.8793438400218576,
        0.8790938927317675,
        0.8822410990796848,
        0.8842683952137333,
        0.8822752527955389,
        0.8853845728673647,
        0.8872653278441639,
        0.8891387256235981
    ],
    "val_roc_auc": [
        0.8157800366332519,
        0.8451208136561273,
        0.8530746768256643,
        0.8723081874733004,
        0.8753522585628764,
        0.8709435110572732,
        0.876017860173335,
        0.8756480164791115,
        0.8754366437855141,
        0.8076268558019231,
        0.879234446960786,
        0.8874129082471633,
        0.8739628868875197,
        0.8857597303418128,
        0.8868503010831974,
        0.8816072985610037,
        0.8868899773529256,
        0.8879464897034813,
        0.8893623122253238,
        0.8879081008643339,
        0.8931974508874494,
        0.8907830503912034
    ],
    "lr": [
        3.337899543378995e-05,
        6.671232876712329e-05,
        0.0001,
        9.995838996722914e-05,
        9.983362912470966e-05,
        9.962592512455138e-05,
        9.933562366956445e-05,
        9.896320793787106e-05,
        9.850929777870324e-05,
        9.797464868072488e-05,
        9.73601505145955e-05,
        9.666682605186835e-05,
        9.589582926268798e-05,
        9.504844339512095e-05,
        9.412607883931607e-05,
        9.313027078004903e-05,
        9.206267664155907e-05,
        9.092507332892968e-05,
        8.971935427060562e-05,
        8.84475262669681e-05,
        8.71117061502135e-05,
        8.571411726109519e-05
    ]
}