{
    "train_loss": [
        1.1007518679693122,
        1.074289880707689,
        1.0656073891913858,
        1.0614212085108081,
        1.059975712890444,
        1.0565896737995049,
        1.0552311134979442,
        1.0540639856390541,
        1.0516725586732416,
        1.050647736302757,
        1.0499338374019094,
        1.0486548021877646,
        1.0476921126040228,
        1.0476661223392327,
        1.0476346827863752,
        1.0475839090328436,
        1.0455105360810961,
        1.0455081353973805,
        1.046300035825875,
        1.0461397171727562,
        1.0441423957646718,
        1.0462432015597372,
        1.0436244076445622,
        1.0436841257007852,
        1.0441794541335567,
        1.0429519576581394,
        1.042792711393689,
        1.0434969533522076,
        1.0442166403613575,
        1.043197530467975,
        1.0415152719059495,
        1.0416689095359493,
        1.0425276553126464,
        1.0417055337737322,
        1.0419099437431556,
        1.0402763594087756,
        1.0418806412607466,
        1.041537542265835,
        1.0415288640275309,
        1.040316507862509,
        1.0398631172248054,
        1.0400186071003694,
        1.0387720301623589,
        1.0405590730299823,
        1.0398642486053382,
        1.041132729390055,
        1.0379069784782111,
        1.0390360075383849,
        1.038826301428771,
        1.0388940788625776
    ],
    "val_loss": [
        1.0771895441296262,
        1.063984159048766,
        1.0589580151958398,
        1.0551969635953258,
        1.054508839001435,
        1.0517611225728887,
        1.0510695850297649,
        1.050868713983013,
        1.0504045155548964,
        1.0492813249924005,
        1.0485299484161295,
        1.0484855508040702,
        1.0500655271828812,
        1.0489129803783104,
        1.0482283234596252,
        1.0477930979796577,
        1.0471235384296267,
        1.0465500596579285,
        1.046568822181946,
        1.0464135145377433,
        1.0464108484495578,
        1.0464168988512927,
        1.0465577828078083,
        1.0458798253663495,
        1.0453966058445996,
        1.0460737245787082,
        1.0454180819708256,
        1.0468541093144128,
        1.0455924758283268,
        1.0467015598168152,
        1.0451292588617453,
        1.0449802678250757,
        1.0452646123132672,
        1.0451257122793232,
        1.0462996047586732,
        1.0459426932063391,
        1.044495632003635,
        1.0439427176828486,
        1.0445891001470573,
        1.043934527028922,
        1.0439283576300136,
        1.0437933066561553,
        1.0459350771751268,
        1.0451411700333564,
        1.0453578100085683,
        1.044488899012053,
        1.044365378037042,
        1.0445838994827135,
        1.0443205305265786,
        1.0441480145335622
    ],
    "train_roc_auc": [
        0.5887788494041438,
        0.626300646463652,
        0.6388474511874879,
        0.6426008136963121,
        0.6452356206772177,
        0.6472684201612213,
        0.6486009376791192,
        0.6480392629768867,
        0.6512487398253691,
        0.6517576897187218,
        0.6523864473600789,
        0.6528930159814214,
        0.654443615716527,
        0.6552312919320263,
        0.6549281497386452,
        0.6542076739592444,
        0.6568520921926377,
        0.6566133540073698,
        0.6567308666478118,
        0.6555993551202072,
        0.6581373132618632,
        0.6573376680212606,
        0.6585276068775584,
        0.6596639984461573,
        0.6574054324428353,
        0.6597380293730215,
        0.659805355139226,
        0.6594620603132021,
        0.6586040582420909,
        0.6602053461718571,
        0.6608008835020477,
        0.6610578963833663,
        0.6601846197056117,
        0.6611187989816489,
        0.660065062617819,
        0.6620096062079511,
        0.6612852451952705,
        0.6622953823485487,
        0.6602366473657781,
        0.6623297854625882,
        0.6624839806583688,
        0.6627902952700527,
        0.6644409867608952,
        0.6621243772523289,
        0.6633673307433762,
        0.6596160753469555,
        0.6643128132283296,
        0.662407074972203,
        0.6643483991452426,
        0.6637511385260969
    ],
    "val_roc_auc": [
        0.6304898846770768,
        0.6397524899987954,
        0.645334144841534,
        0.6483215094052532,
        0.6478485522820498,
        0.6507902695094813,
        0.6503680316488197,
        0.6490062194495692,
        0.6483265813315074,
        0.649595830876619,
        0.6494905884068445,
        0.6496668378441777,
        0.6489884677076796,
        0.6504225548560524,
        0.6501461348751989,
        0.6500041209400815,
        0.6505125815470643,
        0.651532038724157,
        0.6515028751481953,
        0.6514737115722338,
        0.6507953414357356,
        0.6504352346716878,
        0.6508625444586036,
        0.6508080212513709,
        0.6513393055264975,
        0.6509525711496155,
        0.6529204785362421,
        0.6517070201799267,
        0.6507370142838123,
        0.6515814900051353,
        0.6523080434410484,
        0.6519415967691831,
        0.6520443032758303,
        0.6536140644515029,
        0.6522345005103625,
        0.6517387197190153,
        0.6521279900590244,
        0.6544002130209026,
        0.6523295991276288,
        0.6532628335584001,
        0.6539665633261693,
        0.6520823427227368,
        0.6505049736576831,
        0.6516892684380369,
        0.6496211905078901,
        0.651400168641548,
        0.6534974101476564,
        0.6530485446741605,
        0.6504935618236111,
        0.6531715388858246
    ]
}