{
    "train_loss": [
        0.9878458624883375,
        0.8956449689669214,
        0.8751054393603216,
        0.8551970086351834,
        0.8471753678356361,
        0.8412407189741675,
        0.8357537787595792,
        0.8325374222443178,
        0.8250071598024666,
        0.8291311472959477,
        0.8198173451034503,
        0.8229565700753174,
        0.8164365373560464,
        0.8215725553407004,
        0.8149021935484401,
        0.8023920303005304,
        0.805483471487776,
        0.8055504947212624,
        0.8031953440244455,
        0.7937886729591973
    ],
    "val_loss": [
        0.8895582084244554,
        0.8551710283735832,
        0.8634118796211866,
        0.834107891925058,
        0.8237739157703929,
        0.796900642660262,
        0.8215051771639961,
        0.7841337229918235,
        0.8684301242223813,
        0.8027391675742676,
        0.7906342821077644,
        0.7652271945159276,
        0.7835184402427695,
        0.775011632151089,
        0.7966198436128692,
        0.8526074714077874,
        0.7855514946969695,
        0.8098494180061693,
        0.77933415996899,
        0.7802783078564568
    ],
    "train_roc_auc": [
        0.7937094951736495,
        0.8370202078758086,
        0.8459148067921793,
        0.8526578453264837,
        0.8556630222295967,
        0.8578387231687422,
        0.8600229079172284,
        0.8605753268323715,
        0.863439629857637,
        0.8627635336909021,
        0.8658306005490949,
        0.8655794503111711,
        0.8668837195193353,
        0.8655614271518298,
        0.8679274833985434,
        0.8702716891639233,
        0.8702892148240509,
        0.8709664323382197,
        0.871376429600184,
        0.8738495797913692
    ],
    "val_roc_auc": [
        0.8467380347698591,
        0.8586048481810906,
        0.8621116162598463,
        0.8693586876023908,
        0.8698093941456774,
        0.8782823498829284,
        0.8702367237935651,
        0.8810214207167917,
        0.8656951774399868,
        0.8801602158903044,
        0.881529868191713,
        0.8887811473754292,
        0.8818564434204327,
        0.8845625528317835,
        0.8872904027558554,
        0.8800461366407588,
        0.8813264892017444,
        0.8840572612377412,
        0.8859611924834866,
        0.8866173819373275
    ],
    "lr": [
        0.001,
        0.001,
        0.001,
        0.001,
        0.001,
        0.001,
        0.001,
        0.001,
        0.001,
        0.001,
        0.001,
        0.001,
        0.001,
        0.001,
        0.001,
        0.001,
        0.001,
        0.001,
        0.001,
        0.001
    ]
}